packet_no,time_sec,src_ip,src_port,dst_ip,dst_port,payload_len,packet_type,command_id_hex,response_to_packet_no,response_latency_ms,payload_hex,move_position,move_velocity,move_acceleration,move_deceleration,move_jerk,move_direction,move_buffer_mode,fb_handle,fb_status,fb_status_flags,fb_error,read_state_hex,read_state_flags,readstatus_status,readstatus_error,readstatus_axis_error,readstatus_statusword_hex,note
11,2182.690200000,192.168.1.13,6713,192.168.1.3,4000,64,MoveAbsoluteEx Request,0x209F,,,9f2000003800000000000000000060410000005055558741000080a6aa3af241000080a6aa3af2410000205055c9264202000000010000000100000000000000,8388608.000000,48933546.000000,4893354600.000000,4893354600.000000,48933546000.000000,2,1,,,,,,,,,,,payloadSize=56;axisRef=0
12,2183.432200000,192.168.1.3,4000,192.168.1.13,6713,16,MoveAbsoluteEx Response,0x209F,11,742.000,0000080000000000b0980b0000000000,,,,,,,,759984,0,,0,,,,,,,moveReqToRespMs=742.000
13,2183.705800000,192.168.1.13,6713,192.168.1.3,4000,16,ReadStatus Request,0x2028,,,28200000080000000000000001000000,,,,,,,,,,,,,,,,,,payloadSize=8;axisRef=0;handle=0;enable=1
14,2184.332900000,192.168.1.3,4000,192.168.1.13,6713,20,ReadStatus Response,0x2028,13,627.100,00000c000000000042000040000000000000b712,,,,,,,,,,,,0x40000042,ACCELERATING|DISCRETE_MOTION,0,0,0,0x12B7,sinceMoveReqMs=1642.700
15,2185.411300000,192.168.1.13,6713,192.168.1.3,4000,16,ReadStatus Request,0x2028,,,28200000080000000000000001000000,,,,,,,,,,,,,,,,,,payloadSize=8;axisRef=0;handle=0;enable=1
16,2186.055700000,192.168.1.3,4000,192.168.1.13,6713,20,ReadStatus Response,0x2028,15,644.400,00000c000000000042000040000000000000b712,,,,,,,,,,,,0x40000042,ACCELERATING|DISCRETE_MOTION,0,0,0,0x12B7,sinceMoveReqMs=3365.500
17,2187.182700000,192.168.1.13,6713,192.168.1.3,4000,16,ReadStatus Request,0x2028,,,28200000080000000000000001000000,,,,,,,,,,,,,,,,,,payloadSize=8;axisRef=0;handle=0;enable=1
18,2187.840900000,192.168.1.3,4000,192.168.1.13,6713,20,ReadStatus Response,0x2028,17,658.200,00000c000000000042000040000000000000b712,,,,,,,,,,,,0x40000042,ACCELERATING|DISCRETE_MOTION,0,0,0,0x12B7,sinceMoveReqMs=5150.700
19,2189.023500000,192.168.1.13,6713,192.168.1.3,4000,16,ReadStatus Request,0x2028,,,28200000080000000000000001000000,,,,,,,,,,,,,,,,,,payloadSize=8;axisRef=0;handle=0;enable=1
20,2189.675600000,192.168.1.3,4000,192.168.1.13,6713,20,ReadStatus Response,0x2028,19,652.100,00000c000000000042000040000000000000b712,,,,,,,,,,,,0x40000042,ACCELERATING|DISCRETE_MOTION,0,0,0,0x12B7,sinceMoveReqMs=6985.400
21,2191.024700000,192.168.1.13,6713,192.168.1.3,4000,16,ReadStatus Request,0x2028,,,28200000080000000000000001000000,,,,,,,,,,,,,,,,,,payloadSize=8;axisRef=0;handle=0;enable=1
22,2191.670400000,192.168.1.3,4000,192.168.1.13,6713,20,ReadStatus Response,0x2028,21,645.700,00000c000000000042000040000000000000b712,,,,,,,,,,,,0x40000042,ACCELERATING|DISCRETE_MOTION,0,0,0,0x12B7,sinceMoveReqMs=8980.200
23,2192.790800000,192.168.1.13,6713,192.168.1.3,4000,16,ReadStatus Request,0x2028,,,28200000080000000000000001000000,,,,,,,,,,,,,,,,,,payloadSize=8;axisRef=0;handle=0;enable=1
24,2193.464000000,192.168.1.3,4000,192.168.1.13,6713,20,ReadStatus Response,0x2028,23,673.200,00000c000000000042000040000000000000b712,,,,,,,,,,,,0x40000042,ACCELERATING|DISCRETE_MOTION,0,0,0,0x12B7,sinceMoveReqMs=10773.800
25,2194.637000000,192.168.1.13,6713,192.168.1.3,4000,16,ReadStatus Request,0x2028,,,28200000080000000000000001000000,,,,,,,,,,,,,,,,,,payloadSize=8;axisRef=0;handle=0;enable=1
26,2195.301000000,192.168.1.3,4000,192.168.1.13,6713,20,ReadStatus Response,0x2028,25,664.000,00000c000000000042000040000000000000b712,,,,,,,,,,,,0x40000042,ACCELERATING|DISCRETE_MOTION,0,0,0,0x12B7,sinceMoveReqMs=12610.800
27,2196.425700000,192.168.1.13,6713,192.168.1.3,4000,16,ReadStatus Request,0x2028,,,28200000080000000000000001000000,,,,,,,,,,,,,,,,,,payloadSize=8;axisRef=0;handle=0;enable=1
28,2197.064500000,192.168.1.3,4000,192.168.1.13,6713,20,ReadStatus Response,0x2028,27,638.800,00000c000000000042000040000000000000b712,,,,,,,,,,,,0x40000042,ACCELERATING|DISCRETE_MOTION,0,0,0,0x12B7,sinceMoveReqMs=14374.300
29,2198.142600000,192.168.1.13,6713,192.168.1.3,4000,16,ReadStatus Request,0x2028,,,28200000080000000000000001000000,,,,,,,,,,,,,,,,,,payloadSize=8;axisRef=0;handle=0;enable=1
30,2198.765300000,192.168.1.3,4000,192.168.1.13,6713,20,ReadStatus Response,0x2028,29,622.700,00000c000000000042000040000000000000b712,,,,,,,,,,,,0x40000042,ACCELERATING|DISCRETE_MOTION,0,0,0,0x12B7,sinceMoveReqMs=16075.100
31,2199.852500000,192.168.1.13,6713,192.168.1.3,4000,16,ReadStatus Request,0x2028,,,28200000080000000000000001000000,,,,,,,,,,,,,,,,,,payloadSize=8;axisRef=0;handle=0;enable=1
32,2200.481600000,192.168.1.3,4000,192.168.1.13,6713,20,ReadStatus Response,0x2028,31,629.100,00000c000000000042000040000000000000b712,,,,,,,,,,,,0x40000042,ACCELERATING|DISCRETE_MOTION,0,0,0,0x12B7,sinceMoveReqMs=17791.400
33,2201.746600000,192.168.1.13,6713,192.168.1.3,4000,16,ReadStatus Request,0x2028,,,28200000080000000000000001000000,,,,,,,,,,,,,,,,,,payloadSize=8;axisRef=0;handle=0;enable=1
34,2202.384700000,192.168.1.3,4000,192.168.1.13,6713,20,ReadStatus Response,0x2028,33,638.100,00000c000000000042000040000000000000b712,,,,,,,,,,,,0x40000042,ACCELERATING|DISCRETE_MOTION,0,0,0,0x12B7,sinceMoveReqMs=19694.500
35,2203.498500000,192.168.1.13,6713,192.168.1.3,4000,16,ReadStatus Request,0x2028,,,28200000080000000000000001000000,,,,,,,,,,,,,,,,,,payloadSize=8;axisRef=0;handle=0;enable=1
36,2204.152900000,192.168.1.3,4000,192.168.1.13,6713,20,ReadStatus Response,0x2028,35,654.400,00000c000000000042000040000000000000b712,,,,,,,,,,,,0x40000042,ACCELERATING|DISCRETE_MOTION,0,0,0,0x12B7,sinceMoveReqMs=21462.700
37,2205.262000000,192.168.1.13,6713,192.168.1.3,4000,16,ReadStatus Request,0x2028,,,28200000080000000000000001000000,,,,,,,,,,,,,,,,,,payloadSize=8;axisRef=0;handle=0;enable=1
38,2205.980700000,192.168.1.3,4000,192.168.1.13,6713,20,ReadStatus Response,0x2028,37,718.700,00000c000000000042000040000000000000b712,,,,,,,,,,,,0x40000042,ACCELERATING|DISCRETE_MOTION,0,0,0,0x12B7,sinceMoveReqMs=23290.500
39,2207.107700000,192.168.1.13,6713,192.168.1.3,4000,16,ReadStatus Request,0x2028,,,28200000080000000000000001000000,,,,,,,,,,,,,,,,,,payloadSize=8;axisRef=0;handle=0;enable=1
40,2207.767100000,192.168.1.3,4000,192.168.1.13,6713,20,ReadStatus Response,0x2028,39,659.400,00000c000000000042000040000000000000b712,,,,,,,,,,,,0x40000042,ACCELERATING|DISCRETE_MOTION,0,0,0,0x12B7,sinceMoveReqMs=25076.900
41,2208.898200000,192.168.1.13,6713,192.168.1.3,4000,16,ReadStatus Request,0x2028,,,28200000080000000000000001000000,,,,,,,,,,,,,,,,,,payloadSize=8;axisRef=0;handle=0;enable=1
42,2209.568600000,192.168.1.3,4000,192.168.1.13,6713,20,ReadStatus Response,0x2028,41,670.400,00000c000000000042000040000000000000b712,,,,,,,,,,,,0x40000042,ACCELERATING|DISCRETE_MOTION,0,0,0,0x12B7,sinceMoveReqMs=26878.400
43,2210.762700000,192.168.1.13,6713,192.168.1.3,4000,16,ReadStatus Request,0x2028,,,28200000080000000000000001000000,,,,,,,,,,,,,,,,,,payloadSize=8;axisRef=0;handle=0;enable=1
44,2211.476400000,192.168.1.3,4000,192.168.1.13,6713,20,ReadStatus Response,0x2028,43,713.700,00000c000000000042000040000000000000b712,,,,,,,,,,,,0x40000042,ACCELERATING|DISCRETE_MOTION,0,0,0,0x12B7,sinceMoveReqMs=28786.200
45,2212.640100000,192.168.1.13,6713,192.168.1.3,4000,16,ReadStatus Request,0x2028,,,28200000080000000000000001000000,,,,,,,,,,,,,,,,,,payloadSize=8;axisRef=0;handle=0;enable=1
46,2213.320000000,192.168.1.3,4000,192.168.1.13,6713,20,ReadStatus Response,0x2028,45,679.900,00000c000000000042000040000000000000b712,,,,,,,,,,,,0x40000042,ACCELERATING|DISCRETE_MOTION,0,0,0,0x12B7,sinceMoveReqMs=30629.800
47,2214.489900000,192.168.1.13,6713,192.168.1.3,4000,16,ReadStatus Request,0x2028,,,28200000080000000000000001000000,,,,,,,,,,,,,,,,,,payloadSize=8;axisRef=0;handle=0;enable=1
48,2215.128700000,192.168.1.3,4000,192.168.1.13,6713,20,ReadStatus Response,0x2028,47,638.800,00000c000000000042000040000000000000b712,,,,,,,,,,,,0x40000042,ACCELERATING|DISCRETE_MOTION,0,0,0,0x12B7,sinceMoveReqMs=32438.500
49,2216.237000000,192.168.1.13,6713,192.168.1.3,4000,16,ReadStatus Request,0x2028,,,28200000080000000000000001000000,,,,,,,,,,,,,,,,,,payloadSize=8;axisRef=0;handle=0;enable=1
50,2216.868900000,192.168.1.3,4000,192.168.1.13,6713,20,ReadStatus Response,0x2028,49,631.900,00000c000000000042000040000000000000b712,,,,,,,,,,,,0x40000042,ACCELERATING|DISCRETE_MOTION,0,0,0,0x12B7,sinceMoveReqMs=34178.700
51,2217.954800000,192.168.1.13,6713,192.168.1.3,4000,16,ReadStatus Request,0x2028,,,28200000080000000000000001000000,,,,,,,,,,,,,,,,,,payloadSize=8;axisRef=0;handle=0;enable=1
52,2218.583100000,192.168.1.3,4000,192.168.1.13,6713,20,ReadStatus Response,0x2028,51,628.300,00000c000000000042000040000000000000b712,,,,,,,,,,,,0x40000042,ACCELERATING|DISCRETE_MOTION,0,0,0,0x12B7,sinceMoveReqMs=35892.900
53,2219.944100000,192.168.1.13,6713,192.168.1.3,4000,16,ReadStatus Request,0x2028,,,28200000080000000000000001000000,,,,,,,,,,,,,,,,,,payloadSize=8;axisRef=0;handle=0;enable=1
54,2220.643400000,192.168.1.3,4000,192.168.1.13,6713,20,ReadStatus Response,0x2028,53,699.300,00000c000000000042000040000000000000b712,,,,,,,,,,,,0x40000042,ACCELERATING|DISCRETE_MOTION,0,0,0,0x12B7,sinceMoveReqMs=37953.200
55,2221.776300000,192.168.1.13,6713,192.168.1.3,4000,16,ReadStatus Request,0x2028,,,28200000080000000000000001000000,,,,,,,,,,,,,,,,,,payloadSize=8;axisRef=0;handle=0;enable=1
56,2222.421800000,192.168.1.3,4000,192.168.1.13,6713,20,ReadStatus Response,0x2028,55,645.500,00000c000000000042000040000000000000b712,,,,,,,,,,,,0x40000042,ACCELERATING|DISCRETE_MOTION,0,0,0,0x12B7,sinceMoveReqMs=39731.600
57,2223.672400000,192.168.1.13,6713,192.168.1.3,4000,16,ReadStatus Request,0x2028,,,28200000080000000000000001000000,,,,,,,,,,,,,,,,,,payloadSize=8;axisRef=0;handle=0;enable=1
58,2224.319200000,192.168.1.3,4000,192.168.1.13,6713,20,ReadStatus Response,0x2028,57,646.800,00000c000000000042000040000000000000b712,,,,,,,,,,,,0x40000042,ACCELERATING|DISCRETE_MOTION,0,0,0,0x12B7,sinceMoveReqMs=41629.000
59,2225.486700000,192.168.1.13,6713,192.168.1.3,4000,16,ReadStatus Request,0x2028,,,28200000080000000000000001000000,,,,,,,,,,,,,,,,,,payloadSize=8;axisRef=0;handle=0;enable=1
60,2226.161900000,192.168.1.3,4000,192.168.1.13,6713,20,ReadStatus Response,0x2028,59,675.200,00000c000000000042000040000000000000b712,,,,,,,,,,,,0x40000042,ACCELERATING|DISCRETE_MOTION,0,0,0,0x12B7,sinceMoveReqMs=43471.700
61,2227.311800000,192.168.1.13,6713,192.168.1.3,4000,16,ReadStatus Request,0x2028,,,28200000080000000000000001000000,,,,,,,,,,,,,,,,,,payloadSize=8;axisRef=0;handle=0;enable=1
62,2227.987500000,192.168.1.3,4000,192.168.1.13,6713,20,ReadStatus Response,0x2028,61,675.700,00000c000000000042000040000000000000b712,,,,,,,,,,,,0x40000042,ACCELERATING|DISCRETE_MOTION,0,0,0,0x12B7,sinceMoveReqMs=45297.300
63,2229.243000000,192.168.1.13,6713,192.168.1.3,4000,16,ReadStatus Request,0x2028,,,28200000080000000000000001000000,,,,,,,,,,,,,,,,,,payloadSize=8;axisRef=0;handle=0;enable=1
64,2229.874300000,192.168.1.3,4000,192.168.1.13,6713,20,ReadStatus Response,0x2028,63,631.300,00000c000000000042000040000000000000b712,,,,,,,,,,,,0x40000042,ACCELERATING|DISCRETE_MOTION,0,0,0,0x12B7,sinceMoveReqMs=47184.100
65,2230.962800000,192.168.1.13,6713,192.168.1.3,4000,16,ReadStatus Request,0x2028,,,28200000080000000000000001000000,,,,,,,,,,,,,,,,,,payloadSize=8;axisRef=0;handle=0;enable=1
66,2231.702100000,192.168.1.3,4000,192.168.1.13,6713,20,ReadStatus Response,0x2028,65,739.300,00000c000000000042000040000000000000b712,,,,,,,,,,,,0x40000042,ACCELERATING|DISCRETE_MOTION,0,0,0,0x12B7,sinceMoveReqMs=49011.900
67,2232.800600000,192.168.1.13,6713,192.168.1.3,4000,16,ReadStatus Request,0x2028,,,28200000080000000000000001000000,,,,,,,,,,,,,,,,,,payloadSize=8;axisRef=0;handle=0;enable=1
68,2233.443000000,192.168.1.3,4000,192.168.1.13,6713,20,ReadStatus Response,0x2028,67,642.400,00000c000000000042000040000000000000b712,,,,,,,,,,,,0x40000042,ACCELERATING|DISCRETE_MOTION,0,0,0,0x12B7,sinceMoveReqMs=50752.800
69,2234.540500000,192.168.1.13,6713,192.168.1.3,4000,16,ReadStatus Request,0x2028,,,28200000080000000000000001000000,,,,,,,,,,,,,,,,,,payloadSize=8;axisRef=0;handle=0;enable=1
70,2235.178900000,192.168.1.3,4000,192.168.1.13,6713,20,ReadStatus Response,0x2028,69,638.400,00000c000000000042000040000000000000b712,,,,,,,,,,,,0x40000042,ACCELERATING|DISCRETE_MOTION,0,0,0,0x12B7,sinceMoveReqMs=52488.700
71,2236.275600000,192.168.1.13,6713,192.168.1.3,4000,16,ReadStatus Request,0x2028,,,28200000080000000000000001000000,,,,,,,,,,,,,,,,,,payloadSize=8;axisRef=0;handle=0;enable=1
72,2236.912400000,192.168.1.3,4000,192.168.1.13,6713,20,ReadStatus Response,0x2028,71,636.800,00000c000000000042000040000000000000b712,,,,,,,,,,,,0x40000042,ACCELERATING|DISCRETE_MOTION,0,0,0,0x12B7,sinceMoveReqMs=54222.200
73,2238.111100000,192.168.1.13,6713,192.168.1.3,4000,16,ReadStatus Request,0x2028,,,28200000080000000000000001000000,,,,,,,,,,,,,,,,,,payloadSize=8;axisRef=0;handle=0;enable=1
74,2238.769700000,192.168.1.3,4000,192.168.1.13,6713,20,ReadStatus Response,0x2028,73,658.600,00000c000000000042000040000000000000b712,,,,,,,,,,,,0x40000042,ACCELERATING|DISCRETE_MOTION,0,0,0,0x12B7,sinceMoveReqMs=56079.500
75,2239.926300000,192.168.1.13,6713,192.168.1.3,4000,16,ReadStatus Request,0x2028,,,28200000080000000000000001000000,,,,,,,,,,,,,,,,,,payloadSize=8;axisRef=0;handle=0;enable=1
76,2240.599700000,192.168.1.3,4000,192.168.1.13,6713,20,ReadStatus Response,0x2028,75,673.400,00000c000000000042000040000000000000b712,,,,,,,,,,,,0x40000042,ACCELERATING|DISCRETE_MOTION,0,0,0,0x12B7,sinceMoveReqMs=57909.500
77,2241.743000000,192.168.1.13,6713,192.168.1.3,4000,16,ReadStatus Request,0x2028,,,28200000080000000000000001000000,,,,,,,,,,,,,,,,,,payloadSize=8;axisRef=0;handle=0;enable=1
78,2242.428600000,192.168.1.3,4000,192.168.1.13,6713,20,ReadStatus Response,0x2028,77,685.600,00000c000000000042000040000000000000b712,,,,,,,,,,,,0x40000042,ACCELERATING|DISCRETE_MOTION,0,0,0,0x12B7,sinceMoveReqMs=59738.400
79,2243.561700000,192.168.1.13,6713,192.168.1.3,4000,16,ReadStatus Request,0x2028,,,28200000080000000000000001000000,,,,,,,,,,,,,,,,,,payloadSize=8;axisRef=0;handle=0;enable=1
80,2244.206600000,192.168.1.3,4000,192.168.1.13,6713,20,ReadStatus Response,0x2028,79,644.900,00000c000000000042000040000000000000b712,,,,,,,,,,,,0x40000042,ACCELERATING|DISCRETE_MOTION,0,0,0,0x12B7,sinceMoveReqMs=61516.400
81,2245.331100000,192.168.1.13,6713,192.168.1.3,4000,16,ReadStatus Request,0x2028,,,28200000080000000000000001000000,,,,,,,,,,,,,,,,,,payloadSize=8;axisRef=0;handle=0;enable=1
82,2245.980100000,192.168.1.3,4000,192.168.1.13,6713,20,ReadStatus Response,0x2028,81,649.000,00000c000000000042000040000000000000b712,,,,,,,,,,,,0x40000042,ACCELERATING|DISCRETE_MOTION,0,0,0,0x12B7,sinceMoveReqMs=63289.900
83,2247.074000000,192.168.1.13,6713,192.168.1.3,4000,16,ReadStatus Request,0x2028,,,28200000080000000000000001000000,,,,,,,,,,,,,,,,,,payloadSize=8;axisRef=0;handle=0;enable=1
84,2247.710900000,192.168.1.3,4000,192.168.1.13,6713,20,ReadStatus Response,0x2028,83,636.900,00000c000000000044000040000000000000b712,,,,,,,,,,,,0x40000044,CONSTANT_VELOCITY|DISCRETE_MOTION,0,0,0,0x12B7,sinceMoveReqMs=65020.700
85,2248.813600000,192.168.1.13,6713,192.168.1.3,4000,16,ReadStatus Request,0x2028,,,28200000080000000000000001000000,,,,,,,,,,,,,,,,,,payloadSize=8;axisRef=0;handle=0;enable=1
86,2249.465100000,192.168.1.3,4000,192.168.1.13,6713,20,ReadStatus Response,0x2028,85,651.500,00000c000000000044000040000000000000b712,,,,,,,,,,,,0x40000044,CONSTANT_VELOCITY|DISCRETE_MOTION,0,0,0,0x12B7,sinceMoveReqMs=66774.900
87,2250.560000000,192.168.1.13,6713,192.168.1.3,4000,16,ReadStatus Request,0x2028,,,28200000080000000000000001000000,,,,,,,,,,,,,,,,,,payloadSize=8;axisRef=0;handle=0;enable=1
88,2251.199400000,192.168.1.3,4000,192.168.1.13,6713,20,ReadStatus Response,0x2028,87,639.400,00000c000000000044000040000000000000b712,,,,,,,,,,,,0x40000044,CONSTANT_VELOCITY|DISCRETE_MOTION,0,0,0,0x12B7,sinceMoveReqMs=68509.200
89,2252.292700000,192.168.1.13,6713,192.168.1.3,4000,16,ReadStatus Request,0x2028,,,28200000080000000000000001000000,,,,,,,,,,,,,,,,,,payloadSize=8;axisRef=0;handle=0;enable=1
90,2253.097000000,192.168.1.3,4000,192.168.1.13,6713,20,ReadStatus Response,0x2028,89,804.300,00000c000000000044000040000000000000b712,,,,,,,,,,,,0x40000044,CONSTANT_VELOCITY|DISCRETE_MOTION,0,0,0,0x12B7,sinceMoveReqMs=70406.800
91,2254.180300000,192.168.1.13,6713,192.168.1.3,4000,16,ReadStatus Request,0x2028,,,28200000080000000000000001000000,,,,,,,,,,,,,,,,,,payloadSize=8;axisRef=0;handle=0;enable=1
92,2254.820600000,192.168.1.3,4000,192.168.1.13,6713,20,ReadStatus Response,0x2028,91,640.300,00000c000000000044000040000000000000b712,,,,,,,,,,,,0x40000044,CONSTANT_VELOCITY|DISCRETE_MOTION,0,0,0,0x12B7,sinceMoveReqMs=72130.400
93,2256.054000000,192.168.1.13,6713,192.168.1.3,4000,16,ReadStatus Request,0x2028,,,28200000080000000000000001000000,,,,,,,,,,,,,,,,,,payloadSize=8;axisRef=0;handle=0;enable=1
94,2256.707800000,192.168.1.3,4000,192.168.1.13,6713,20,ReadStatus Response,0x2028,93,653.800,00000c000000000044000040000000000000b712,,,,,,,,,,,,0x40000044,CONSTANT_VELOCITY|DISCRETE_MOTION,0,0,0,0x12B7,sinceMoveReqMs=74017.600
95,2257.856700000,192.168.1.13,6713,192.168.1.3,4000,16,ReadStatus Request,0x2028,,,28200000080000000000000001000000,,,,,,,,,,,,,,,,,,payloadSize=8;axisRef=0;handle=0;enable=1
96,2258.719400000,192.168.1.3,4000,192.168.1.13,6713,20,ReadStatus Response,0x2028,95,862.700,00000c000000000044000040000000000000b712,,,,,,,,,,,,0x40000044,CONSTANT_VELOCITY|DISCRETE_MOTION,0,0,0,0x12B7,sinceMoveReqMs=76029.200
97,2259.868700000,192.168.1.13,6713,192.168.1.3,4000,16,ReadStatus Request,0x2028,,,28200000080000000000000001000000,,,,,,,,,,,,,,,,,,payloadSize=8;axisRef=0;handle=0;enable=1
98,2260.517500000,192.168.1.3,4000,192.168.1.13,6713,20,ReadStatus Response,0x2028,97,648.800,00000c000000000044000040000000000000b712,,,,,,,,,,,,0x40000044,CONSTANT_VELOCITY|DISCRETE_MOTION,0,0,0,0x12B7,sinceMoveReqMs=77827.300
99,2261.629900000,192.168.1.13,6713,192.168.1.3,4000,16,ReadStatus Request,0x2028,,,28200000080000000000000001000000,,,,,,,,,,,,,,,,,,payloadSize=8;axisRef=0;handle=0;enable=1
100,2262.356200000,192.168.1.3,4000,192.168.1.13,6713,20,ReadStatus Response,0x2028,99,726.300,00000c000000000044000040000000000000b712,,,,,,,,,,,,0x40000044,CONSTANT_VELOCITY|DISCRETE_MOTION,0,0,0,0x12B7,sinceMoveReqMs=79666.000
101,2263.465000000,192.168.1.13,6713,192.168.1.3,4000,16,ReadStatus Request,0x2028,,,28200000080000000000000001000000,,,,,,,,,,,,,,,,,,payloadSize=8;axisRef=0;handle=0;enable=1
102,2264.117800000,192.168.1.3,4000,192.168.1.13,6713,20,ReadStatus Response,0x2028,101,652.800,00000c000000000044000040000000000000b712,,,,,,,,,,,,0x40000044,CONSTANT_VELOCITY|DISCRETE_MOTION,0,0,0,0x12B7,sinceMoveReqMs=81427.600
103,2265.211300000,192.168.1.13,6713,192.168.1.3,4000,16,ReadStatus Request,0x2028,,,28200000080000000000000001000000,,,,,,,,,,,,,,,,,,payloadSize=8;axisRef=0;handle=0;enable=1
104,2265.871900000,192.168.1.3,4000,192.168.1.13,6713,20,ReadStatus Response,0x2028,103,660.600,00000c000000000044000040000000000000b712,,,,,,,,,,,,0x40000044,CONSTANT_VELOCITY|DISCRETE_MOTION,0,0,0,0x12B7,sinceMoveReqMs=83181.700
105,2266.976600000,192.168.1.13,6713,192.168.1.3,4000,16,ReadStatus Request,0x2028,,,28200000080000000000000001000000,,,,,,,,,,,,,,,,,,payloadSize=8;axisRef=0;handle=0;enable=1
106,2267.637600000,192.168.1.3,4000,192.168.1.13,6713,20,ReadStatus Response,0x2028,105,661.000,00000c000000000044000040000000000000b712,,,,,,,,,,,,0x40000044,CONSTANT_VELOCITY|DISCRETE_MOTION,0,0,0,0x12B7,sinceMoveReqMs=84947.400
107,2268.803600000,192.168.1.13,6713,192.168.1.3,4000,16,ReadStatus Request,0x2028,,,28200000080000000000000001000000,,,,,,,,,,,,,,,,,,payloadSize=8;axisRef=0;handle=0;enable=1
108,2269.632400000,192.168.1.3,4000,192.168.1.13,6713,20,ReadStatus Response,0x2028,107,828.800,00000c000000000044000040000000000000b712,,,,,,,,,,,,0x40000044,CONSTANT_VELOCITY|DISCRETE_MOTION,0,0,0,0x12B7,sinceMoveReqMs=86942.200
109,2270.801500000,192.168.1.13,6713,192.168.1.3,4000,16,ReadStatus Request,0x2028,,,28200000080000000000000001000000,,,,,,,,,,,,,,,,,,payloadSize=8;axisRef=0;handle=0;enable=1
110,2271.479300000,192.168.1.3,4000,192.168.1.13,6713,20,ReadStatus Response,0x2028,109,677.800,00000c000000000044000040000000000000b712,,,,,,,,,,,,0x40000044,CONSTANT_VELOCITY|DISCRETE_MOTION,0,0,0,0x12B7,sinceMoveReqMs=88789.100
111,2272.625200000,192.168.1.13,6713,192.168.1.3,4000,16,ReadStatus Request,0x2028,,,28200000080000000000000001000000,,,,,,,,,,,,,,,,,,payloadSize=8;axisRef=0;handle=0;enable=1
112,2273.278100000,192.168.1.3,4000,192.168.1.13,6713,20,ReadStatus Response,0x2028,111,652.900,00000c000000000044000040000000000000b712,,,,,,,,,,,,0x40000044,CONSTANT_VELOCITY|DISCRETE_MOTION,0,0,0,0x12B7,sinceMoveReqMs=90587.900
113,2274.587700000,192.168.1.13,6713,192.168.1.3,4000,16,ReadStatus Request,0x2028,,,28200000080000000000000001000000,,,,,,,,,,,,,,,,,,payloadSize=8;axisRef=0;handle=0;enable=1
114,2275.316500000,192.168.1.3,4000,192.168.1.13,6713,20,ReadStatus Response,0x2028,113,728.800,00000c000000000044000040000000000000b712,,,,,,,,,,,,0x40000044,CONSTANT_VELOCITY|DISCRETE_MOTION,0,0,0,0x12B7,sinceMoveReqMs=92626.300
115,2276.480700000,192.168.1.13,6713,192.168.1.3,4000,16,ReadStatus Request,0x2028,,,28200000080000000000000001000000,,,,,,,,,,,,,,,,,,payloadSize=8;axisRef=0;handle=0;enable=1
116,2277.304700000,192.168.1.3,4000,192.168.1.13,6713,20,ReadStatus Response,0x2028,115,824.000,00000c000000000044000040000000000000b712,,,,,,,,,,,,0x40000044,CONSTANT_VELOCITY|DISCRETE_MOTION,0,0,0,0x12B7,sinceMoveReqMs=94614.500
117,2278.491500000,192.168.1.13,6713,192.168.1.3,4000,16,ReadStatus Request,0x2028,,,28200000080000000000000001000000,,,,,,,,,,,,,,,,,,payloadSize=8;axisRef=0;handle=0;enable=1
118,2279.148000000,192.168.1.3,4000,192.168.1.13,6713,20,ReadStatus Response,0x2028,117,656.500,00000c000000000044000040000000000000b712,,,,,,,,,,,,0x40000044,CONSTANT_VELOCITY|DISCRETE_MOTION,0,0,0,0x12B7,sinceMoveReqMs=96457.800
119,2280.315300000,192.168.1.13,6713,192.168.1.3,4000,16,ReadStatus Request,0x2028,,,28200000080000000000000001000000,,,,,,,,,,,,,,,,,,payloadSize=8;axisRef=0;handle=0;enable=1
120,2281.026600000,192.168.1.3,4000,192.168.1.13,6713,20,ReadStatus Response,0x2028,119,711.300,00000c000000000044000040000000000000b712,,,,,,,,,,,,0x40000044,CONSTANT_VELOCITY|DISCRETE_MOTION,0,0,0,0x12B7,sinceMoveReqMs=98336.400
121,2282.174000000,192.168.1.13,6713,192.168.1.3,4000,16,ReadStatus Request,0x2028,,,28200000080000000000000001000000,,,,,,,,,,,,,,,,,,payloadSize=8;axisRef=0;handle=0;enable=1
122,2282.821700000,192.168.1.3,4000,192.168.1.13,6713,20,ReadStatus Response,0x2028,121,647.700,00000c000000000044000040000000000000b712,,,,,,,,,,,,0x40000044,CONSTANT_VELOCITY|DISCRETE_MOTION,0,0,0,0x12B7,sinceMoveReqMs=100131.500
123,2283.943100000,192.168.1.13,6713,192.168.1.3,4000,16,ReadStatus Request,0x2028,,,28200000080000000000000001000000,,,,,,,,,,,,,,,,,,payloadSize=8;axisRef=0;handle=0;enable=1
124,2284.600200000,192.168.1.3,4000,192.168.1.13,6713,20,ReadStatus Response,0x2028,123,657.100,00000c000000000044000040000000000000b712,,,,,,,,,,,,0x40000044,CONSTANT_VELOCITY|DISCRETE_MOTION,0,0,0,0x12B7,sinceMoveReqMs=101910.000
125,2285.733900000,192.168.1.13,6713,192.168.1.3,4000,16,ReadStatus Request,0x2028,,,28200000080000000000000001000000,,,,,,,,,,,,,,,,,,payloadSize=8;axisRef=0;handle=0;enable=1
126,2286.457700000,192.168.1.3,4000,192.168.1.13,6713,20,ReadStatus Response,0x2028,125,723.800,00000c000000000044000040000000000000b712,,,,,,,,,,,,0x40000044,CONSTANT_VELOCITY|DISCRETE_MOTION,0,0,0,0x12B7,sinceMoveReqMs=103767.500
127,2287.621600000,192.168.1.13,6713,192.168.1.3,4000,16,ReadStatus Request,0x2028,,,28200000080000000000000001000000,,,,,,,,,,,,,,,,,,payloadSize=8;axisRef=0;handle=0;enable=1
128,2288.356000000,192.168.1.3,4000,192.168.1.13,6713,20,ReadStatus Response,0x2028,127,734.400,00000c000000000044000040000000000000b712,,,,,,,,,,,,0x40000044,CONSTANT_VELOCITY|DISCRETE_MOTION,0,0,0,0x12B7,sinceMoveReqMs=105665.800
129,2289.516600000,192.168.1.13,6713,192.168.1.3,4000,16,ReadStatus Request,0x2028,,,28200000080000000000000001000000,,,,,,,,,,,,,,,,,,payloadSize=8;axisRef=0;handle=0;enable=1
130,2290.164500000,192.168.1.3,4000,192.168.1.13,6713,20,ReadStatus Response,0x2028,129,647.900,00000c000000000044000040000000000000b712,,,,,,,,,,,,0x40000044,CONSTANT_VELOCITY|DISCRETE_MOTION,0,0,0,0x12B7,sinceMoveReqMs=107474.300
131,2291.272600000,192.168.1.13,6713,192.168.1.3,4000,16,ReadStatus Request,0x2028,,,28200000080000000000000001000000,,,,,,,,,,,,,,,,,,payloadSize=8;axisRef=0;handle=0;enable=1
132,2291.916300000,192.168.1.3,4000,192.168.1.13,6713,20,ReadStatus Response,0x2028,131,643.700,00000c000000000044000040000000000000b712,,,,,,,,,,,,0x40000044,CONSTANT_VELOCITY|DISCRETE_MOTION,0,0,0,0x12B7,sinceMoveReqMs=109226.100
133,2293.106500000,192.168.1.13,6713,192.168.1.3,4000,16,ReadStatus Request,0x2028,,,28200000080000000000000001000000,,,,,,,,,,,,,,,,,,payloadSize=8;axisRef=0;handle=0;enable=1
134,2293.805200000,192.168.1.3,4000,192.168.1.13,6713,20,ReadStatus Response,0x2028,133,698.700,00000c000000000044000040000000000000b712,,,,,,,,,,,,0x40000044,CONSTANT_VELOCITY|DISCRETE_MOTION,0,0,0,0x12B7,sinceMoveReqMs=111115.000
135,2294.920400000,192.168.1.13,6713,192.168.1.3,4000,16,ReadStatus Request,0x2028,,,28200000080000000000000001000000,,,,,,,,,,,,,,,,,,payloadSize=8;axisRef=0;handle=0;enable=1
136,2295.576100000,192.168.1.3,4000,192.168.1.13,6713,20,ReadStatus Response,0x2028,135,655.700,00000c000000000044000040000000000000b712,,,,,,,,,,,,0x40000044,CONSTANT_VELOCITY|DISCRETE_MOTION,0,0,0,0x12B7,sinceMoveReqMs=112885.900
137,2296.671500000,192.168.1.13,6713,192.168.1.3,4000,16,ReadStatus Request,0x2028,,,28200000080000000000000001000000,,,,,,,,,,,,,,,,,,payloadSize=8;axisRef=0;handle=0;enable=1
138,2297.312500000,192.168.1.3,4000,192.168.1.13,6713,20,ReadStatus Response,0x2028,137,641.000,00000c000000000044000040000000000000b712,,,,,,,,,,,,0x40000044,CONSTANT_VELOCITY|DISCRETE_MOTION,0,0,0,0x12B7,sinceMoveReqMs=114622.300
139,2298.454000000,192.168.1.13,6713,192.168.1.3,4000,16,ReadStatus Request,0x2028,,,28200000080000000000000001000000,,,,,,,,,,,,,,,,,,payloadSize=8;axisRef=0;handle=0;enable=1
140,2299.191900000,192.168.1.3,4000,192.168.1.13,6713,20,ReadStatus Response,0x2028,139,737.900,00000c000000000044000040000000000000b712,,,,,,,,,,,,0x40000044,CONSTANT_VELOCITY|DISCRETE_MOTION,0,0,0,0x12B7,sinceMoveReqMs=116501.700
141,2300.299700000,192.168.1.13,6713,192.168.1.3,4000,16,ReadStatus Request,0x2028,,,28200000080000000000000001000000,,,,,,,,,,,,,,,,,,payloadSize=8;axisRef=0;handle=0;enable=1
142,2300.982400000,192.168.1.3,4000,192.168.1.13,6713,20,ReadStatus Response,0x2028,141,682.700,00000c000000000044000040000000000000b712,,,,,,,,,,,,0x40000044,CONSTANT_VELOCITY|DISCRETE_MOTION,0,0,0,0x12B7,sinceMoveReqMs=118292.200
143,2302.062400000,192.168.1.13,6713,192.168.1.3,4000,16,ReadStatus Request,0x2028,,,28200000080000000000000001000000,,,,,,,,,,,,,,,,,,payloadSize=8;axisRef=0;handle=0;enable=1
144,2302.689700000,192.168.1.3,4000,192.168.1.13,6713,20,ReadStatus Response,0x2028,143,627.300,00000c000000000044000040000000000000b712,,,,,,,,,,,,0x40000044,CONSTANT_VELOCITY|DISCRETE_MOTION,0,0,0,0x12B7,sinceMoveReqMs=119999.500
145,2303.806100000,192.168.1.13,6713,192.168.1.3,4000,16,ReadStatus Request,0x2028,,,28200000080000000000000001000000,,,,,,,,,,,,,,,,,,payloadSize=8;axisRef=0;handle=0;enable=1
146,2304.485400000,192.168.1.3,4000,192.168.1.13,6713,20,ReadStatus Response,0x2028,145,679.300,00000c000000000044000040000000000000b712,,,,,,,,,,,,0x40000044,CONSTANT_VELOCITY|DISCRETE_MOTION,0,0,0,0x12B7,sinceMoveReqMs=121795.200
147,2305.612800000,192.168.1.13,6713,192.168.1.3,4000,16,ReadStatus Request,0x2028,,,28200000080000000000000001000000,,,,,,,,,,,,,,,,,,payloadSize=8;axisRef=0;handle=0;enable=1
148,2306.365900000,192.168.1.3,4000,192.168.1.13,6713,20,ReadStatus Response,0x2028,147,753.100,00000c000000000044000040000000000000b712,,,,,,,,,,,,0x40000044,CONSTANT_VELOCITY|DISCRETE_MOTION,0,0,0,0x12B7,sinceMoveReqMs=123675.700
149,2307.524500000,192.168.1.13,6713,192.168.1.3,4000,16,ReadStatus Request,0x2028,,,28200000080000000000000001000000,,,,,,,,,,,,,,,,,,payloadSize=8;axisRef=0;handle=0;enable=1
150,2308.181400000,192.168.1.3,4000,192.168.1.13,6713,20,ReadStatus Response,0x2028,149,656.900,00000c000000000044000040000000000000b712,,,,,,,,,,,,0x40000044,CONSTANT_VELOCITY|DISCRETE_MOTION,0,0,0,0x12B7,sinceMoveReqMs=125491.200
151,2309.312500000,192.168.1.13,6713,192.168.1.3,4000,16,ReadStatus Request,0x2028,,,28200000080000000000000001000000,,,,,,,,,,,,,,,,,,payloadSize=8;axisRef=0;handle=0;enable=1
152,2310.019700000,192.168.1.3,4000,192.168.1.13,6713,20,ReadStatus Response,0x2028,151,707.200,00000c000000000044000040000000000000b712,,,,,,,,,,,,0x40000044,CONSTANT_VELOCITY|DISCRETE_MOTION,0,0,0,0x12B7,sinceMoveReqMs=127329.500
153,2311.270200000,192.168.1.13,6713,192.168.1.3,4000,16,ReadStatus Request,0x2028,,,28200000080000000000000001000000,,,,,,,,,,,,,,,,,,payloadSize=8;axisRef=0;handle=0;enable=1
154,2312.019000000,192.168.1.3,4000,192.168.1.13,6713,20,ReadStatus Response,0x2028,153,748.800,00000c000000000044000040000000000000b712,,,,,,,,,,,,0x40000044,CONSTANT_VELOCITY|DISCRETE_MOTION,0,0,0,0x12B7,sinceMoveReqMs=129328.800
155,2313.143000000,192.168.1.13,6713,192.168.1.3,4000,16,ReadStatus Request,0x2028,,,28200000080000000000000001000000,,,,,,,,,,,,,,,,,,payloadSize=8;axisRef=0;handle=0;enable=1
156,2313.794600000,192.168.1.3,4000,192.168.1.13,6713,20,ReadStatus Response,0x2028,155,651.600,00000c000000000044000040000000000000b712,,,,,,,,,,,,0x40000044,CONSTANT_VELOCITY|DISCRETE_MOTION,0,0,0,0x12B7,sinceMoveReqMs=131104.400
157,2314.912000000,192.168.1.13,6713,192.168.1.3,4000,16,ReadStatus Request,0x2028,,,28200000080000000000000001000000,,,,,,,,,,,,,,,,,,payloadSize=8;axisRef=0;handle=0;enable=1
158,2315.568200000,192.168.1.3,4000,192.168.1.13,6713,20,ReadStatus Response,0x2028,157,656.200,00000c000000000044000040000000000000b712,,,,,,,,,,,,0x40000044,CONSTANT_VELOCITY|DISCRETE_MOTION,0,0,0,0x12B7,sinceMoveReqMs=132878.000
159,2316.690300000,192.168.1.13,6713,192.168.1.3,4000,16,ReadStatus Request,0x2028,,,28200000080000000000000001000000,,,,,,,,,,,,,,,,,,payloadSize=8;axisRef=0;handle=0;enable=1
160,2317.421200000,192.168.1.3,4000,192.168.1.13,6713,20,ReadStatus Response,0x2028,159,730.900,00000c000000000044000040000000000000b712,,,,,,,,,,,,0x40000044,CONSTANT_VELOCITY|DISCRETE_MOTION,0,0,0,0x12B7,sinceMoveReqMs=134731.000
161,2318.534300000,192.168.1.13,6713,192.168.1.3,4000,16,ReadStatus Request,0x2028,,,28200000080000000000000001000000,,,,,,,,,,,,,,,,,,payloadSize=8;axisRef=0;handle=0;enable=1
162,2319.192600000,192.168.1.3,4000,192.168.1.13,6713,20,ReadStatus Response,0x2028,161,658.300,00000c000000000044000040000000000000b712,,,,,,,,,,,,0x40000044,CONSTANT_VELOCITY|DISCRETE_MOTION,0,0,0,0x12B7,sinceMoveReqMs=136502.400
163,2320.318400000,192.168.1.13,6713,192.168.1.3,4000,16,ReadStatus Request,0x2028,,,28200000080000000000000001000000,,,,,,,,,,,,,,,,,,payloadSize=8;axisRef=0;handle=0;enable=1
164,2321.043300000,192.168.1.3,4000,192.168.1.13,6713,20,ReadStatus Response,0x2028,163,724.900,00000c000000000044000040000000000000b712,,,,,,,,,,,,0x40000044,CONSTANT_VELOCITY|DISCRETE_MOTION,0,0,0,0x12B7,sinceMoveReqMs=138353.100
165,2322.214300000,192.168.1.13,6713,192.168.1.3,4000,16,ReadStatus Request,0x2028,,,28200000080000000000000001000000,,,,,,,,,,,,,,,,,,payloadSize=8;axisRef=0;handle=0;enable=1
166,2322.933700000,192.168.1.3,4000,192.168.1.13,6713,20,ReadStatus Response,0x2028,165,719.400,00000c000000000044000040000000000000b712,,,,,,,,,,,,0x40000044,CONSTANT_VELOCITY|DISCRETE_MOTION,0,0,0,0x12B7,sinceMoveReqMs=140243.500
167,2324.070900000,192.168.1.13,6713,192.168.1.3,4000,16,ReadStatus Request,0x2028,,,28200000080000000000000001000000,,,,,,,,,,,,,,,,,,payloadSize=8;axisRef=0;handle=0;enable=1
168,2324.735500000,192.168.1.3,4000,192.168.1.13,6713,20,ReadStatus Response,0x2028,167,664.600,00000c000000000044000040000000000000b712,,,,,,,,,,,,0x40000044,CONSTANT_VELOCITY|DISCRETE_MOTION,0,0,0,0x12B7,sinceMoveReqMs=142045.300
169,2325.827800000,192.168.1.13,6713,192.168.1.3,4000,16,ReadStatus Request,0x2028,,,28200000080000000000000001000000,,,,,,,,,,,,,,,,,,payloadSize=8;axisRef=0;handle=0;enable=1
170,2326.457600000,192.168.1.3,4000,192.168.1.13,6713,20,ReadStatus Response,0x2028,169,629.800,00000c000000000044000040000000000000b712,,,,,,,,,,,,0x40000044,CONSTANT_VELOCITY|DISCRETE_MOTION,0,0,0,0x12B7,sinceMoveReqMs=143767.400
171,2327.545000000,192.168.1.13,6713,192.168.1.3,4000,16,ReadStatus Request,0x2028,,,28200000080000000000000001000000,,,,,,,,,,,,,,,,,,payloadSize=8;axisRef=0;handle=0;enable=1
172,2328.190500000,192.168.1.3,4000,192.168.1.13,6713,20,ReadStatus Response,0x2028,171,645.500,00000c000000000044000040000000000000b712,,,,,,,,,,,,0x40000044,CONSTANT_VELOCITY|DISCRETE_MOTION,0,0,0,0x12B7,sinceMoveReqMs=145500.300
173,2329.424000000,192.168.1.13,6713,192.168.1.3,4000,16,ReadStatus Request,0x2028,,,28200000080000000000000001000000,,,,,,,,,,,,,,,,,,payloadSize=8;axisRef=0;handle=0;enable=1
174,2330.079100000,192.168.1.3,4000,192.168.1.13,6713,20,ReadStatus Response,0x2028,173,655.100,00000c000000000044000040000000000000b712,,,,,,,,,,,,0x40000044,CONSTANT_VELOCITY|DISCRETE_MOTION,0,0,0,0x12B7,sinceMoveReqMs=147388.900
175,2331.198200000,192.168.1.13,6713,192.168.1.3,4000,16,ReadStatus Request,0x2028,,,28200000080000000000000001000000,,,,,,,,,,,,,,,,,,payloadSize=8;axisRef=0;handle=0;enable=1
176,2331.841000000,192.168.1.3,4000,192.168.1.13,6713,20,ReadStatus Response,0x2028,175,642.800,00000c000000000044000040000000000000b712,,,,,,,,,,,,0x40000044,CONSTANT_VELOCITY|DISCRETE_MOTION,0,0,0,0x12B7,sinceMoveReqMs=149150.800
177,2332.954600000,192.168.1.13,6713,192.168.1.3,4000,16,ReadStatus Request,0x2028,,,28200000080000000000000001000000,,,,,,,,,,,,,,,,,,payloadSize=8;axisRef=0;handle=0;enable=1
178,2333.603700000,192.168.1.3,4000,192.168.1.13,6713,20,ReadStatus Response,0x2028,177,649.100,00000c000000000044000040000000000000b712,,,,,,,,,,,,0x40000044,CONSTANT_VELOCITY|DISCRETE_MOTION,0,0,0,0x12B7,sinceMoveReqMs=150913.500
179,2334.698000000,192.168.1.13,6713,192.168.1.3,4000,16,ReadStatus Request,0x2028,,,28200000080000000000000001000000,,,,,,,,,,,,,,,,,,payloadSize=8;axisRef=0;handle=0;enable=1
180,2335.519700000,192.168.1.3,4000,192.168.1.13,6713,20,ReadStatus Response,0x2028,179,821.700,00000c000000000044000040000000000000b712,,,,,,,,,,,,0x40000044,CONSTANT_VELOCITY|DISCRETE_MOTION,0,0,0,0x12B7,sinceMoveReqMs=152829.500
181,2336.674100000,192.168.1.13,6713,192.168.1.3,4000,16,ReadStatus Request,0x2028,,,28200000080000000000000001000000,,,,,,,,,,,,,,,,,,payloadSize=8;axisRef=0;handle=0;enable=1
182,2337.387900000,192.168.1.3,4000,192.168.1.13,6713,20,ReadStatus Response,0x2028,181,713.800,00000c000000000044000040000000000000b712,,,,,,,,,,,,0x40000044,CONSTANT_VELOCITY|DISCRETE_MOTION,0,0,0,0x12B7,sinceMoveReqMs=154697.700
183,2338.523300000,192.168.1.13,6713,192.168.1.3,4000,16,ReadStatus Request,0x2028,,,28200000080000000000000001000000,,,,,,,,,,,,,,,,,,payloadSize=8;axisRef=0;handle=0;enable=1
184,2339.285400000,192.168.1.3,4000,192.168.1.13,6713,20,ReadStatus Response,0x2028,183,762.100,00000c000000000044000040000000000000b712,,,,,,,,,,,,0x40000044,CONSTANT_VELOCITY|DISCRETE_MOTION,0,0,0,0x12B7,sinceMoveReqMs=156595.200
185,2340.431300000,192.168.1.13,6713,192.168.1.3,4000,16,ReadStatus Request,0x2028,,,28200000080000000000000001000000,,,,,,,,,,,,,,,,,,payloadSize=8;axisRef=0;handle=0;enable=1
186,2341.082800000,192.168.1.3,4000,192.168.1.13,6713,20,ReadStatus Response,0x2028,185,651.500,00000c000000000044000040000000000000b712,,,,,,,,,,,,0x40000044,CONSTANT_VELOCITY|DISCRETE_MOTION,0,0,0,0x12B7,sinceMoveReqMs=158392.600
187,2342.196900000,192.168.1.13,6713,192.168.1.3,4000,16,ReadStatus Request,0x2028,,,28200000080000000000000001000000,,,,,,,,,,,,,,,,,,payloadSize=8;axisRef=0;handle=0;enable=1
188,2342.835800000,192.168.1.3,4000,192.168.1.13,6713,20,ReadStatus Response,0x2028,187,638.900,00000c000000000044000040000000000000b712,,,,,,,,,,,,0x40000044,CONSTANT_VELOCITY|DISCRETE_MOTION,0,0,0,0x12B7,sinceMoveReqMs=160145.600
189,2343.923900000,192.168.1.13,6713,192.168.1.3,4000,16,ReadStatus Request,0x2028,,,28200000080000000000000001000000,,,,,,,,,,,,,,,,,,payloadSize=8;axisRef=0;handle=0;enable=1
190,2344.552800000,192.168.1.3,4000,192.168.1.13,6713,20,ReadStatus Response,0x2028,189,628.900,00000c000000000044000040000000000000b712,,,,,,,,,,,,0x40000044,CONSTANT_VELOCITY|DISCRETE_MOTION,0,0,0,0x12B7,sinceMoveReqMs=161862.600
191,2345.634400000,192.168.1.13,6713,192.168.1.3,4000,16,ReadStatus Request,0x2028,,,28200000080000000000000001000000,,,,,,,,,,,,,,,,,,payloadSize=8;axisRef=0;handle=0;enable=1
192,2346.294700000,192.168.1.3,4000,192.168.1.13,6713,20,ReadStatus Response,0x2028,191,660.300,00000c000000000044000040000000000000b712,,,,,,,,,,,,0x40000044,CONSTANT_VELOCITY|DISCRETE_MOTION,0,0,0,0x12B7,sinceMoveReqMs=163604.500
193,2347.470600000,192.168.1.13,6713,192.168.1.3,4000,16,ReadStatus Request,0x2028,,,28200000080000000000000001000000,,,,,,,,,,,,,,,,,,payloadSize=8;axisRef=0;handle=0;enable=1
194,2348.111800000,192.168.1.3,4000,192.168.1.13,6713,20,ReadStatus Response,0x2028,193,641.200,00000c000000000044000040000000000000b712,,,,,,,,,,,,0x40000044,CONSTANT_VELOCITY|DISCRETE_MOTION,0,0,0,0x12B7,sinceMoveReqMs=165421.600
195,2349.225200000,192.168.1.13,6713,192.168.1.3,4000,16,ReadStatus Request,0x2028,,,28200000080000000000000001000000,,,,,,,,,,,,,,,,,,payloadSize=8;axisRef=0;handle=0;enable=1
196,2350.022500000,192.168.1.3,4000,192.168.1.13,6713,20,ReadStatus Response,0x2028,195,797.300,00000c000000000044000040000000000000b712,,,,,,,,,,,,0x40000044,CONSTANT_VELOCITY|DISCRETE_MOTION,0,0,0,0x12B7,sinceMoveReqMs=167332.300
197,2351.137900000,192.168.1.13,6713,192.168.1.3,4000,16,ReadStatus Request,0x2028,,,28200000080000000000000001000000,,,,,,,,,,,,,,,,,,payloadSize=8;axisRef=0;handle=0;enable=1
198,2351.788300000,192.168.1.3,4000,192.168.1.13,6713,20,ReadStatus Response,0x2028,197,650.400,00000c000000000044000040000000000000b712,,,,,,,,,,,,0x40000044,CONSTANT_VELOCITY|DISCRETE_MOTION,0,0,0,0x12B7,sinceMoveReqMs=169098.100
199,2352.891700000,192.168.1.13,6713,192.168.1.3,4000,16,ReadStatus Request,0x2028,,,28200000080000000000000001000000,,,,,,,,,,,,,,,,,,payloadSize=8;axisRef=0;handle=0;enable=1
200,2353.659600000,192.168.1.3,4000,192.168.1.13,6713,20,ReadStatus Response,0x2028,199,767.900,00000c000000000044000040000000000000b712,,,,,,,,,,,,0x40000044,CONSTANT_VELOCITY|DISCRETE_MOTION,0,0,0,0x12B7,sinceMoveReqMs=170969.400
201,2354.760900000,192.168.1.13,6713,192.168.1.3,4000,16,ReadStatus Request,0x2028,,,28200000080000000000000001000000,,,,,,,,,,,,,,,,,,payloadSize=8;axisRef=0;handle=0;enable=1
202,2355.390600000,192.168.1.3,4000,192.168.1.13,6713,20,ReadStatus Response,0x2028,201,629.700,00000c000000000041000040000000000000b712,,,,,,,,,,,,0x40000041,DECELERATING|DISCRETE_MOTION,0,0,0,0x12B7,sinceMoveReqMs=172700.400
203,2356.542500000,192.168.1.13,6713,192.168.1.3,4000,16,ReadStatus Request,0x2028,,,28200000080000000000000001000000,,,,,,,,,,,,,,,,,,payloadSize=8;axisRef=0;handle=0;enable=1
204,2357.175500000,192.168.1.3,4000,192.168.1.13,6713,20,ReadStatus Response,0x2028,203,633.000,00000c000000000041000040000000000000b712,,,,,,,,,,,,0x40000041,DECELERATING|DISCRETE_MOTION,0,0,0,0x12B7,sinceMoveReqMs=174485.300
205,2358.274400000,192.168.1.13,6713,192.168.1.3,4000,16,ReadStatus Request,0x2028,,,28200000080000000000000001000000,,,,,,,,,,,,,,,,,,payloadSize=8;axisRef=0;handle=0;enable=1
206,2358.900200000,192.168.1.3,4000,192.168.1.13,6713,20,ReadStatus Response,0x2028,205,625.800,00000c000000000041000040000000000000b712,,,,,,,,,,,,0x40000041,DECELERATING|DISCRETE_MOTION,0,0,0,0x12B7,sinceMoveReqMs=176210.000
207,2360.065400000,192.168.1.13,6713,192.168.1.3,4000,16,ReadStatus Request,0x2028,,,28200000080000000000000001000000,,,,,,,,,,,,,,,,,,payloadSize=8;axisRef=0;handle=0;enable=1
208,2360.718000000,192.168.1.3,4000,192.168.1.13,6713,20,ReadStatus Response,0x2028,207,652.600,00000c000000000041000040000000000000b712,,,,,,,,,,,,0x40000041,DECELERATING|DISCRETE_MOTION,0,0,0,0x12B7,sinceMoveReqMs=178027.800
209,2361.797800000,192.168.1.13,6713,192.168.1.3,4000,16,ReadStatus Request,0x2028,,,28200000080000000000000001000000,,,,,,,,,,,,,,,,,,payloadSize=8;axisRef=0;handle=0;enable=1
210,2362.427800000,192.168.1.3,4000,192.168.1.13,6713,20,ReadStatus Response,0x2028,209,630.000,00000c000000000041000040000000000000b712,,,,,,,,,,,,0x40000041,DECELERATING|DISCRETE_MOTION,0,0,0,0x12B7,sinceMoveReqMs=179737.600
211,2363.519300000,192.168.1.13,6713,192.168.1.3,4000,16,ReadStatus Request,0x2028,,,28200000080000000000000001000000,,,,,,,,,,,,,,,,,,payloadSize=8;axisRef=0;handle=0;enable=1
212,2364.174600000,192.168.1.3,4000,192.168.1.13,6713,20,ReadStatus Response,0x2028,211,655.300,00000c000000000041000040000000000000b712,,,,,,,,,,,,0x40000041,DECELERATING|DISCRETE_MOTION,0,0,0,0x12B7,sinceMoveReqMs=181484.400
